,City,Lat,Lng,Max Temp,Humidity,Cloudiness,Wind Speed,Country,Date
0,sechura,-5.5569,-80.8222,66.65,80,57,12.08,PE,1634784151
1,kismayo,-0.3582,42.5454,77.04,82,90,10.6,SO,1634784152
2,punta arenas,-53.15,-70.9167,44.71,57,75,13.8,CL,1634784152
3,thompson,55.7435,-97.8558,26.76,74,40,5.75,CA,1634784152
4,methoni,36.8197,21.7049,60.22,69,2,5.79,GR,1634784153
5,busselton,-33.65,115.3333,62.04,63,96,13.51,AU,1634784153
6,bambous virieux,-20.3428,57.7575,72.21,94,40,8.05,MU,1634784153
7,cabedelo,-6.9811,-34.8339,79.47,82,38,6.55,BR,1634784154
8,arraial do cabo,-22.9661,-42.0278,62.56,100,75,2.3,BR,1634784154
9,vytegra,61.0064,36.4481,48.18,94,100,14.76,RU,1634784154
10,bridlington,54.0831,-0.1919,45.05,91,86,29.33,GB,1634784155
11,port alfred,-33.5906,26.891,62.65,79,72,11.01,ZA,1634784155
12,rikitea,-23.1203,-134.9692,74.84,71,50,19.89,PF,1634784155
13,ushuaia,-54.8,-68.3,46.06,42,20,10.36,AR,1634784155
14,castro,-24.7911,-50.0119,49.1,98,14,7.76,BR,1634784156
15,narsaq,60.9167,-46.05,26.82,37,0,3.71,GL,1634784156
16,saint-augustin,51.226,-58.6502,44.89,81,100,13.44,CA,1634784156
17,maua,-23.6678,-46.4614,58.35,94,93,4.94,BR,1634784157
18,kodiak,57.79,-152.4072,38.64,92,90,13.09,US,1634784157
19,santiago,-33.4569,-70.6483,60.85,64,0,8.05,CL,1634784124
20,bilibino,68.0546,166.4372,4.1,94,100,2.89,RU,1634784157
21,zemio,5.0314,25.1361,69.12,98,100,2.35,CF,1634784158
22,abu dhabi,24.4667,54.3667,80.71,83,0,0.0,AE,1634784158
23,coihaique,-45.5752,-72.0662,46.35,49,0,8.05,CL,1634784158
24,victoria,22.2855,114.1577,84.38,75,100,1.99,HK,1634783886
25,tura,25.5198,90.2201,76.35,90,78,3.94,IN,1634784012
26,northam,51.0333,-4.2167,53.65,71,73,24.92,GB,1634784159
27,puerto ayora,-0.7393,-90.3518,69.73,89,85,6.26,EC,1634784159
28,longyearbyen,78.2186,15.6401,12.04,73,20,10.36,SJ,1634784064
29,sitka,57.0531,-135.33,48.09,81,90,11.5,US,1634784160
30,saskylakh,71.9167,114.0833,17.47,95,100,8.99,RU,1634784160
31,lasa,46.6166,10.7002,54.34,94,99,6.22,IT,1634784160
32,batticaloa,7.7102,81.6924,80.82,79,95,3.91,LK,1634784161
33,pangnirtung,66.1451,-65.7125,27.95,78,13,4.61,CA,1634784161
34,albany,42.6001,-73.9662,63.01,70,37,4.32,US,1634784161
35,east london,-33.0153,27.9116,62.26,78,43,12.06,ZA,1634783936
36,airai,-8.9266,125.4092,82.2,30,58,2.33,TL,1634784162
37,cidreira,-30.1811,-50.2056,62.91,73,62,17.02,BR,1634784162
38,baoro,5.6667,15.9667,67.39,98,100,0.85,CF,1634784162
39,marzuq,14.4,46.4667,71.6,53,96,3.29,YE,1634784163
40,chicama,-7.8447,-79.1469,59.54,85,87,6.42,PE,1634784163
41,kabo,7.6994,18.629,70.45,95,100,2.59,CF,1634784163
42,les escoumins,48.1111,-69.0236,42.15,87,99,5.3,CA,1634784164
43,aykhal,66.0,111.5,35.08,97,100,24.14,RU,1634784164
44,chuy,-33.6971,-53.4616,53.47,83,1,5.88,UY,1634784164
45,bongandanga,1.5,21.05,69.46,100,100,1.32,CD,1634784165
46,ribeira grande,38.5167,-28.7,70.05,63,81,4.52,PT,1634784165
47,valky,49.8387,35.6207,48.06,84,100,18.63,UA,1634784166
48,tacuarembo,-31.7333,-55.9833,58.03,76,97,10.78,UY,1634783896
49,aransas pass,27.9095,-97.15,77.99,86,1,1.01,US,1634784166
50,cepelare,41.7333,24.6833,29.82,79,0,3.85,BG,1634784167
51,ponta do sol,32.6667,-17.1,74.01,78,100,7.63,PT,1634784167
52,polunochnoye,60.8697,60.4153,24.82,87,11,3.76,RU,1634784167
53,andrews,32.3187,-102.5457,75.27,31,1,0.0,US,1634784168
54,mataura,-46.1927,168.8643,58.96,39,3,4.38,NZ,1634784168
55,tiksi,71.6872,128.8694,12.87,93,100,5.93,RU,1634784168
56,new norfolk,-42.7826,147.0587,72.91,40,80,5.01,AU,1634784168
57,vestmannaeyjar,63.4427,-20.2734,44.74,79,95,28.01,IS,1634784169
58,torbay,47.6666,-52.7314,49.57,95,90,12.66,CA,1634784169
59,hermanus,-34.4187,19.2345,61.9,79,32,2.01,ZA,1634784169
60,nikolskoye,59.7035,30.7861,53.87,90,100,12.33,RU,1634784170
61,bengkulu,-3.8004,102.2655,82.6,69,21,3.33,ID,1634784170
62,kruisfontein,-34.0033,24.7314,61.38,57,100,4.72,ZA,1634784170
63,alexandria,31.2156,29.9553,69.76,68,20,8.05,EG,1634784171
64,geraldton,-28.7667,114.6,71.13,60,75,12.66,AU,1634784171
65,hofn,64.2539,-15.2082,34.45,61,76,11.63,IS,1634784145
66,otane,-39.8833,176.6333,57.0,63,100,6.64,NZ,1634784172
67,nanortalik,60.1432,-45.2371,36.3,56,14,2.28,GL,1634784173
68,jamestown,42.097,-79.2353,60.12,78,20,1.01,US,1634784174
69,grand gaube,-20.0064,57.6608,72.37,78,19,5.99,MU,1634784174
70,tadine,-21.55,167.8833,73.17,88,100,14.88,NC,1634784174
71,khatanga,71.9667,102.5,21.99,97,100,3.62,RU,1634784175
72,empangeni,-28.762,31.8933,57.2,83,5,5.86,ZA,1634784175
73,sibolga,1.7427,98.7792,85.19,63,77,3.76,ID,1634784175
74,georgetown,5.4112,100.3354,82.89,85,20,2.3,MY,1634783922
75,elk plain,47.0532,-122.3976,55.15,87,90,1.01,US,1634783944
76,hobart,-42.8794,147.3294,73.26,47,40,7.0,AU,1634784176
77,port elizabeth,-33.918,25.5701,57.49,100,90,4.61,ZA,1634784176
78,bluff,-46.6,168.3333,49.24,62,12,11.45,NZ,1634784176
79,tuktoyaktuk,69.4541,-133.0374,21.2,100,20,6.91,CA,1634784177
80,bubaque,11.2833,-15.8333,81.9,79,100,11.99,GW,1634784177
81,dryden,49.7833,-92.7503,32.29,74,1,9.22,CA,1634784177
82,bredasdorp,-34.5322,20.0403,58.28,96,76,2.13,ZA,1634784178
83,esperance,-33.8667,121.9,66.04,54,6,19.35,AU,1634784178
84,atherton,53.5237,-2.4935,48.88,87,93,8.01,GB,1634784178
85,grajewo,53.6473,22.4554,56.98,62,100,16.67,PL,1634784179
86,saint george,37.1041,-113.5841,64.94,38,1,1.99,US,1634784179
87,tasiilaq,65.6145,-37.6368,46.56,47,86,10.09,GL,1634784146
88,bintulu,3.1667,113.0333,86.41,74,40,3.44,MY,1634784179
89,vuktyl,63.8567,57.3094,29.07,93,95,4.52,RU,1634784180
90,shimoda,34.6667,138.95,64.76,57,100,10.4,JP,1634784180
91,santiago del estero,-27.7951,-64.2615,70.81,31,0,11.12,AR,1634784159
92,yellowknife,62.456,-114.3525,41.41,82,40,16.11,CA,1634783882
93,mujiayingzi,42.1167,118.7833,48.22,30,10,13.98,CN,1634784180
94,mombetsu,44.3525,143.3525,46.42,100,75,8.05,JP,1634784181
95,katsuura,35.1333,140.3,66.18,55,98,9.04,JP,1634784182
96,moranbah,-22.0016,148.0466,94.46,19,3,5.99,AU,1634784182
97,cape town,-33.9258,18.4232,62.11,64,0,13.8,ZA,1634784182
98,kitob,39.0843,66.8332,55.98,22,100,2.71,UZ,1634784183
99,porto novo,6.4965,2.6036,80.42,91,100,5.28,BJ,1634784183
100,sept-iles,50.2001,-66.3821,49.05,88,90,1.01,CA,1634784184
101,chumikan,54.7183,135.315,34.05,73,100,19.71,RU,1634784184
102,itoman,26.1247,127.6694,77.77,90,75,10.36,JP,1634784184
103,kapaa,22.0752,-159.319,82.38,69,1,1.99,US,1634784185
104,codrington,-38.2667,141.9667,71.08,58,99,10.51,AU,1634784185
105,dolores hidalgo,21.1561,-100.9308,68.45,83,7,6.96,MX,1634784185
106,zhuhai,22.2769,113.5678,84.7,78,40,5.75,CN,1634784186
107,butaritari,3.0707,172.7902,81.66,74,47,12.55,KI,1634784186
108,clyde river,70.4692,-68.5914,24.04,93,97,5.97,CA,1634784186
109,port lincoln,-34.7333,135.8667,67.98,54,2,12.26,AU,1634784186
110,camana,-16.6228,-72.7111,63.21,82,100,9.15,PE,1634784187
111,manta,-0.95,-80.7333,73.18,83,90,8.05,EC,1634784187
112,taoudenni,22.6783,-3.9836,72.66,30,0,13.91,ML,1634784187
113,san juan bautista,-14.0108,-75.7358,56.17,61,100,1.74,PE,1634784188
114,emerald,-23.5333,148.1667,90.34,42,51,8.05,AU,1634784188
115,champerico,14.3,-91.9167,82.35,85,96,7.09,GT,1634784188
116,cabo san lucas,22.8909,-109.9124,82.51,72,7,6.33,MX,1634784189
117,urucara,-2.5364,-57.76,76.26,83,54,0.92,BR,1634784189
118,oliveira dos brejinhos,-12.3169,-42.8961,78.94,53,79,3.09,BR,1634784189
119,idlib,35.9306,36.6339,45.79,79,0,2.59,SY,1634784190
120,usinsk,65.9939,57.5281,26.55,91,61,7.29,RU,1634784190
121,churapcha,62.0025,132.4325,19.83,84,97,6.87,RU,1634784190
122,san quintin,30.4833,-115.95,63.57,77,2,9.06,MX,1634784191
123,normandin,48.8333,-72.5321,47.82,91,100,6.76,CA,1634784189
124,ratzeburg,53.7,10.7667,57.49,91,100,1.01,DE,1634784191
125,salalah,17.0151,54.0924,75.29,83,20,3.44,OM,1634784192
126,nemencine,54.85,25.4833,55.92,74,100,14.65,LT,1634784192
127,tuatapere,-46.1333,167.6833,54.79,55,0,6.96,NZ,1634784192
128,kaitangata,-46.2817,169.8464,50.36,61,23,8.55,NZ,1634784193
129,naze,28.3667,129.4833,63.52,90,100,17.31,JP,1634784193
130,aksarka,66.5606,67.7975,27.5,92,99,6.17,RU,1634784193
131,marawi,7.9986,124.2928,75.65,72,100,5.03,PH,1634784194
132,roald,62.5833,6.1333,43.32,81,75,17.27,NO,1634784194
133,kenora,49.8167,-94.4337,39.18,74,1,5.75,CA,1634784175
134,pacific grove,36.6177,-121.9166,62.46,84,90,1.01,US,1634784194
135,paciran,-6.8767,112.3761,86.86,64,100,3.56,ID,1634784195
136,hilo,19.7297,-155.09,80.33,67,1,9.22,US,1634784109
137,salinopolis,-0.6136,-47.3561,79.66,82,61,9.08,BR,1634784195
138,lagoa,39.05,-27.9833,68.49,62,0,2.17,PT,1634784196
139,houma,29.5958,-90.7195,77.0,93,31,4.99,US,1634784004
140,rafaela,-31.2503,-61.4867,67.05,51,6,1.01,AR,1634784196
141,moldava nad bodvou,48.6143,20.9996,48.69,83,0,6.91,SK,1634784196
142,karratha,-20.7377,116.8463,84.94,22,0,3.65,AU,1634784197
143,yerofey pavlovich,53.9667,121.9667,40.87,43,68,4.29,RU,1634784197
144,mega,4.05,38.3,57.34,92,48,9.44,ET,1634784197
145,ancud,-41.8697,-73.8203,49.53,84,100,7.23,CL,1634784198
146,talnakh,69.4865,88.3972,19.22,95,100,4.74,RU,1634784198
147,qaanaaq,77.484,-69.3632,8.29,99,69,5.26,GL,1634784186
148,hudson bay,52.85,-102.3842,30.31,64,0,4.25,CA,1634784198
149,rorvik,64.8621,11.2373,47.05,67,100,25.61,NO,1634784199
150,marrakesh,31.6315,-8.0083,64.47,63,0,1.14,MA,1634784199
151,sfantu gheorghe,45.8667,25.7833,41.88,75,7,1.34,RO,1634784200
152,tautira,-17.7333,-149.15,73.42,78,73,11.86,PF,1634784200
153,mtambile,-5.3833,39.7,75.47,83,45,9.46,TZ,1634784200
154,calabozo,8.9242,-67.4293,77.43,75,37,4.21,VE,1634784201
155,caravelas,-17.7125,-39.2481,71.37,92,100,14.76,BR,1634784201
156,inyonga,-6.7167,32.0667,68.11,52,96,4.27,TZ,1634784201
157,khandyga,62.6667,135.6,23.16,85,100,3.56,RU,1634784202
158,pisco,-13.7,-76.2167,61.02,82,100,13.8,PE,1634784202
159,emba,48.8264,58.1442,32.45,79,25,15.48,KZ,1634784202
160,tual,-5.6667,132.75,82.54,78,81,3.74,ID,1634784203
161,xucheng,20.35,110.1288,83.1,75,93,5.64,CN,1634784203
162,linqiong,30.4159,103.4609,60.78,74,100,2.1,CN,1634784203
163,kahului,20.8947,-156.47,83.46,69,20,14.97,US,1634783983
164,durango,24.8333,-104.8333,62.47,57,56,3.13,MX,1634783997
165,bud,39.447,-86.1758,64.38,70,96,11.92,US,1634784204
166,mahon,39.8885,4.2658,68.56,83,75,6.91,ES,1634784204
167,rio verde de mato grosso,-18.9181,-54.8442,77.09,56,97,10.58,BR,1634784204
168,port hedland,-20.3167,118.5667,91.45,16,0,12.66,AU,1634784205
169,bereda,43.2686,-7.5406,54.41,98,85,1.7,ES,1634784205
170,lebu,-37.6167,-73.65,51.53,91,100,5.75,CL,1634784205
171,sao filipe,14.8961,-24.4956,82.15,55,0,9.4,CV,1634784206
172,vardo,70.3705,31.1107,32.2,83,100,26.06,NO,1634784206
173,santa cruz del sur,20.7147,-77.9956,77.36,88,66,13.65,CU,1634784206
174,fortuna,40.5982,-124.1573,61.36,65,1,4.0,US,1634784206
175,fujin,47.26,132.0322,43.43,39,0,9.4,CN,1634784207
176,arlit,18.7369,7.3853,82.83,14,28,9.04,NE,1634784207
177,ixtapa,20.7,-105.2,83.43,79,40,2.3,MX,1634784207
178,luderitz,-26.6481,15.1594,55.83,81,41,8.68,NA,1634784208
179,hambantota,6.1241,81.1185,80.94,94,20,4.61,LK,1634784208
180,cusset,46.13,3.4596,57.54,76,100,9.71,FR,1634784208
181,ust-nera,64.5667,143.2,9.86,83,93,3.2,RU,1634784209
182,vaini,-21.2,-175.2,74.08,67,98,19.13,TO,1634784140
183,lorengau,-2.0226,147.2712,83.53,75,64,5.35,PG,1634784209
184,kinablangan,7.6947,126.5503,84.99,68,97,7.7,PH,1634784209
185,san patricio,28.017,-97.5169,77.85,74,8,6.53,US,1634784210
186,mitsamiouli,-11.3847,43.2844,76.23,77,76,3.02,KM,1634784210
187,pevek,69.7008,170.3133,17.78,90,100,12.91,RU,1634784211
188,bairiki,1.3292,172.9752,87.8,62,20,14.97,KI,1634784211
189,bowen,-20.0167,148.2333,88.02,71,42,11.56,AU,1634784211
190,upernavik,72.7868,-56.1549,31.66,96,100,15.5,GL,1634784212
191,bahia honda,22.9036,-83.1592,76.28,82,100,7.87,CU,1634784212
192,abu samrah,35.3029,37.1841,59.86,75,0,1.61,SY,1634784212
193,norman wells,65.282,-126.8329,28.44,86,20,3.44,CA,1634784213
194,ekhabi,53.5102,142.9671,35.1,65,24,10.42,RU,1634784213
195,deputatskiy,69.3,139.9,5.36,94,100,0.94,RU,1634784213
196,zhangzhou,24.5133,117.6556,74.14,91,100,5.48,CN,1634784213
197,bikin,46.8161,134.26,41.4,42,5,4.7,RU,1634784214
198,hirara,24.8,125.2833,84.47,70,40,11.5,JP,1634784214
199,kudamatsu,34.0,131.8667,64.58,54,100,9.78,JP,1634784214
200,half moon bay,37.4636,-122.4286,63.91,92,90,1.01,US,1634784215
201,north vernon,39.0062,-85.6236,62.96,76,80,9.8,US,1634784215
202,naliya,23.2667,68.8333,79.47,57,0,6.17,IN,1634784215
203,dikson,73.5069,80.5464,27.59,56,100,9.04,RU,1634784216
204,comodoro rivadavia,-45.8667,-67.5,64.26,39,0,18.41,AR,1634784216
205,necochea,-38.5473,-58.7368,59.04,83,0,12.15,AR,1634784216
206,deori khas,23.4,79.0167,72.68,58,5,6.42,IN,1634784217
207,porto torres,40.835,8.3972,48.38,77,86,5.93,IT,1634784217
208,amalapuram,16.5833,82.0167,84.58,77,97,2.06,IN,1634784217
209,freeport,40.6576,-73.5832,70.97,61,90,3.0,US,1634784218
210,baijiantan,45.6333,85.1833,58.12,19,39,4.99,CN,1634784218
211,fort nelson,58.8053,-122.7002,29.79,86,20,3.44,CA,1634784218
212,lompoc,34.6391,-120.4579,61.02,83,1,5.75,US,1634784219
213,gravdal,68.1214,13.5031,31.89,100,90,4.61,NO,1634784219
214,makakilo city,21.3469,-158.0858,82.72,48,1,11.5,US,1634784219
215,hamilton,39.1834,-84.5333,62.85,77,1,0.0,US,1634784174
216,lavrentiya,65.5833,-171.0,32.72,99,100,0.31,RU,1634784220
217,pyaozerskiy,65.8333,31.1667,30.45,97,100,10.47,RU,1634784220
218,ambam,2.3833,11.2833,67.53,100,100,1.61,CM,1634784220
219,vila velha,-20.3297,-40.2925,66.15,88,75,9.22,BR,1634784221
220,samarai,-10.6167,150.6667,83.39,74,53,9.98,PG,1634784221
221,barrow,71.2906,-156.7887,28.42,86,90,21.85,US,1634784221
222,saint-philippe,-21.3585,55.7679,72.95,76,37,11.83,RE,1634784222
223,carnarvon,-24.8667,113.6333,73.47,56,90,14.97,AU,1634784222
224,nikolayevsk-na-amure,53.1406,140.73,35.91,60,30,4.65,RU,1634784222
225,sicamous,50.8331,-118.9856,51.69,94,97,3.36,CA,1634784223
226,fort-shevchenko,44.5086,50.263,46.36,56,19,11.34,KZ,1634784223
227,lata,40.1629,-8.3327,60.82,98,100,2.48,PT,1634784223
228,nagato,34.3833,131.2,62.55,48,99,4.9,JP,1634784223
229,bangassou,4.7413,22.8184,68.59,97,100,1.74,CF,1634784224
230,senanga,-16.1167,23.2667,69.87,55,99,7.29,ZM,1634784224
231,praia da vitoria,38.7333,-27.0667,64.76,94,20,3.38,PT,1634784224
232,korla,41.7597,86.1469,57.38,21,2,1.59,CN,1634783954
233,san andres,12.5847,-81.7006,82.42,83,75,4.61,CO,1634784006
234,harper,4.375,-7.7169,76.39,88,59,3.87,LR,1634784225
235,surt,31.2089,16.5887,69.76,75,42,9.62,LY,1634784225
236,hasaki,35.7333,140.8333,66.29,50,90,9.22,JP,1634784226
237,paita,-5.0892,-81.1144,65.57,85,85,11.61,PE,1634784226
238,manacapuru,-3.2997,-60.6206,77.58,80,56,2.73,BR,1634784226
239,mar del plata,-38.0023,-57.5575,58.87,49,0,11.99,AR,1634784131
240,avarua,-21.2078,-159.775,77.05,61,40,8.05,CK,1634784226
241,yar-sale,66.8333,70.8333,28.24,85,23,6.78,RU,1634784227
242,presidencia roque saenz pena,-26.7852,-60.4388,63.84,43,50,6.6,AR,1634784227
243,orlik,52.5178,99.825,32.92,43,0,2.98,RU,1634784227
244,yumen,40.2833,97.2,47.95,21,40,8.93,CN,1634784228
245,grand baie,-20.0182,57.5802,72.45,78,11,5.99,MU,1634784202
246,mabaruma,8.2,-59.7833,76.39,88,11,4.16,GY,1634784228
247,roma,43.2128,-75.4557,61.43,80,90,0.0,US,1634784229
248,palmer,42.1584,-72.3287,63.95,72,90,0.0,US,1634784229
249,atuona,-9.8,-139.0333,77.13,82,6,16.93,PF,1634784229
250,jackson,42.4165,-122.8345,55.99,88,40,0.0,US,1634784007
251,sibu,2.3,111.8167,84.51,74,40,2.3,MY,1634784229
252,parry sound,45.3501,-80.033,58.91,82,99,5.73,CA,1634784230
253,tessalit,20.1986,1.0114,72.16,27,3,7.92,ML,1634784230
254,cherskiy,68.75,161.3,-1.73,100,99,5.46,RU,1634784230
255,namatanai,-3.6667,152.4333,84.61,70,57,5.44,PG,1634784231
256,puerto escondido,15.85,-97.0667,79.09,84,95,3.49,MX,1634784231
257,la macarena,2.1837,-73.7849,71.42,99,100,1.25,CO,1634784231
258,coquimbo,-29.9533,-71.3436,55.13,82,0,4.61,CL,1634784196
259,alofi,-19.0595,-169.9187,78.69,57,74,19.57,NU,1634784232
260,malur,13.0075,77.9378,73.36,83,73,6.78,IN,1634784012
261,guerrero negro,27.9769,-114.0611,65.5,78,0,13.65,MX,1634784232
262,eyl,7.9803,49.8164,78.48,78,64,7.23,SO,1634784233
263,gat,31.61,34.7642,67.41,100,46,3.18,IL,1634784233
264,severo-kurilsk,50.6789,156.125,37.53,62,80,20.65,RU,1634784233
265,hakodate,41.7758,140.7367,52.11,62,75,17.27,JP,1634784234
266,ambatondrazaka,-17.8333,48.4167,60.76,87,58,0.83,MG,1634784234
267,najran,17.4924,44.1277,61.45,33,14,2.95,SA,1634784133
268,quzhou,28.9594,118.8686,54.39,93,100,2.3,CN,1634784234
269,arcelia,18.2833,-100.2667,75.2,88,57,3.0,MX,1634784235
270,twentynine palms,34.1356,-116.0542,69.06,26,10,2.57,US,1634784235
271,cockburn town,21.4612,-71.1419,82.38,79,17,18.45,TC,1634784235
272,sao miguel do iguacu,-25.3481,-54.2378,67.21,82,18,2.77,BR,1634784236
273,anamur,36.0751,32.8369,59.02,40,0,6.98,TR,1634784065
274,ambilobe,-13.2,49.05,69.85,79,92,2.91,MG,1634784236
275,pangkalanbuun,-2.6833,111.6167,90.12,56,100,2.68,ID,1634784087
276,touros,-5.1989,-35.4608,81.5,82,69,7.81,BR,1634784237
277,sasovo,54.3537,41.9199,38.64,88,100,20.02,RU,1634784237
278,portland,45.5234,-122.6762,58.41,85,90,4.0,US,1634783829
279,verkhoyansk,67.5447,133.385,15.62,91,87,2.15,RU,1634784237
280,vao,-22.6667,167.4833,71.22,91,100,16.84,NC,1634784238
281,jinchang,38.4953,102.1739,47.1,31,0,8.08,CN,1634784238
282,tselina,46.5338,41.0328,33.53,58,46,7.23,RU,1634784238
283,pumiao,22.75,108.4833,61.2,80,100,7.61,CN,1634784239
284,iralaya,15.0,-83.2333,79.66,85,100,5.99,HN,1634784239
285,kirkwood,38.5834,-90.4068,71.19,82,75,1.01,US,1634784222
286,laguna,38.421,-121.4238,68.5,52,90,1.01,US,1634784239
287,takoradi,4.8845,-1.7554,76.37,91,99,8.32,GH,1634784240
288,sao joao da barra,-21.6403,-41.0511,64.08,93,100,12.8,BR,1634784240
289,henties bay,-22.116,14.2845,56.73,93,89,3.96,NA,1634784240
290,san cristobal,7.7669,-72.225,69.98,92,47,2.1,VE,1634784241
291,kampong chhnang,12.1667,104.55,81.1,78,100,2.48,KH,1634784241
292,yulara,-25.2406,130.9889,85.84,19,0,6.91,AU,1634784241
293,gonbad-e qabus,37.25,55.1672,58.15,67,100,8.68,IR,1634784242
294,ihosy,-22.4,46.1167,65.77,88,96,3.58,MG,1634784242
295,patrocinio,-18.9439,-46.9925,64.72,92,89,3.62,BR,1634784243
296,vestmanna,62.1564,-7.1664,40.12,75,75,26.46,FO,1634784243
297,brae,60.3964,-1.353,40.91,61,92,34.05,GB,1634784243
298,sinnamary,5.3833,-52.95,79.77,81,90,10.2,GF,1634784243
299,kangasala,61.4638,24.076,52.34,92,100,12.12,FI,1634784244
300,moron,-34.6534,-58.6198,66.96,84,1,6.11,AR,1634784244
301,teyateyaneng,-29.1472,27.7489,51.75,44,80,3.38,LS,1634784244
302,beloha,-25.1667,45.05,67.26,90,91,11.56,MG,1634784245
303,nome,64.5011,-165.4064,35.67,87,90,12.66,US,1634784227
304,morrope,-6.5417,-80.0111,64.8,82,51,13.2,PE,1634784245
305,komsomolskiy,40.4272,71.7189,56.12,41,60,6.91,UZ,1634784245
306,itarema,-2.9248,-39.9167,78.73,83,100,7.11,BR,1634784246
307,manono,-7.3,27.4167,71.2,86,100,3.04,CD,1634784246
308,nabire,-3.3667,135.4833,85.37,69,59,4.36,ID,1634784246
309,alugan,12.2188,125.4808,82.62,81,100,4.56,PH,1634784247
310,bayir,37.2687,28.2167,46.92,59,2,2.48,TR,1634784247
311,manicore,-5.8092,-61.3003,79.88,73,92,1.28,BR,1634784248
312,chernyanka,50.9409,37.8069,48.06,66,100,19.86,RU,1634784248
313,rassvet,46.8333,40.75,33.71,75,51,2.24,RU,1634784248
314,keti bandar,24.1447,67.4497,79.74,62,0,10.65,PK,1634784249
315,faya,18.3851,42.4509,57.72,32,75,5.91,SA,1634784249
316,ola,59.5833,151.2833,19.08,29,4,2.48,RU,1634784249
317,winslow,35.0242,-110.6974,57.96,37,1,5.75,US,1634784250
318,ilulissat,69.2167,-51.1,24.82,74,100,2.3,GL,1634784250
319,souillac,-20.5167,57.5167,73.36,94,40,8.05,MU,1634784250
320,havelock,34.8791,-76.9013,71.58,88,0,5.03,US,1634784251
321,tortoli,39.9256,9.6572,58.98,70,14,5.23,IT,1634784251
322,coahuayana,18.7333,-103.6833,79.09,91,23,2.44,MX,1634784251
323,werda,-25.2667,23.2833,66.07,50,100,11.45,BW,1634784252
324,beringovskiy,63.05,179.3167,18.43,77,76,4.18,RU,1634784252
325,sur,22.5667,59.5289,78.4,65,52,9.75,OM,1634784252
326,ahuimanu,21.4447,-157.8378,83.91,56,1,9.22,US,1634784253
327,manokwari,-0.8667,134.0833,85.15,66,51,8.3,ID,1634784253
328,menzelinsk,55.7271,53.1026,33.04,92,22,6.04,RU,1634784253
329,ostrovnoy,68.0531,39.5131,30.58,91,100,17.31,RU,1634784254
330,avera,33.194,-82.5271,64.71,59,81,4.74,US,1634784193
331,santa rosa,14.3122,121.1114,90.1,71,97,3.38,PH,1634784254
332,tiznit,29.5833,-9.5,70.32,29,33,3.38,MA,1634784255
333,gameleira,-8.5844,-35.3867,72.88,92,29,2.35,BR,1634784255
334,nyahururu,0.0421,36.3673,53.4,87,99,4.21,KE,1634784255
335,finschhafen,-6.6024,147.8681,85.84,68,74,6.73,PG,1634784256
336,bjornevatn,69.6672,29.9847,31.62,80,0,18.41,NO,1634784256
337,zarubino,42.63,131.0922,46.45,42,0,2.86,RU,1634784256
338,fernie,49.5,-115.0687,48.29,96,93,5.55,CA,1634784257
339,batagay-alyta,67.8006,130.4114,15.85,81,97,2.82,RU,1634784257
340,hammerfest,70.6634,23.6821,30.65,74,75,21.85,NO,1634784258
341,mehamn,71.0357,27.8492,34.3,69,100,25.75,NO,1634784258
342,paka,4.6374,103.4368,78.73,94,40,0.0,MY,1634784258
343,padang,-0.9492,100.3543,82.45,76,93,2.64,ID,1634784259
344,bonanza,14.0289,-84.591,71.91,99,95,1.45,NI,1634784259
345,harrisonville,38.6533,-94.3488,57.58,65,1,3.44,US,1634784259
346,flinders,-34.5833,150.8552,74.21,64,15,5.01,AU,1634784260
347,provideniya,64.3833,-173.3,24.91,80,75,4.47,RU,1634784260
348,lobito,-12.3481,13.5456,74.28,84,100,8.16,AO,1634784260
349,booue,-0.0921,11.9385,71.55,99,100,0.92,GA,1634784261
350,anchorage,61.2181,-149.9003,42.75,88,90,3.0,US,1634784261
351,saldanha,-33.0117,17.9442,59.05,91,75,16.22,ZA,1634784261
352,vung tau,10.346,107.0843,82.99,78,100,8.75,VN,1634784262
353,izumo,35.3667,132.7667,62.55,59,75,4.61,JP,1634784262
354,apiai,-24.5094,-48.8425,51.48,99,99,2.24,BR,1634784262
355,egvekinot,66.3167,-179.1667,20.73,89,98,4.59,RU,1634784263
356,la crosse,43.8014,-91.2396,64.53,93,90,3.44,US,1634784094
357,akdepe,42.0551,59.3788,44.69,57,8,10.87,TM,1634784263
358,hisor,38.525,68.5512,51.55,14,100,2.08,TJ,1634784264
359,kanye,-24.9667,25.3327,56.26,65,78,10.16,BW,1634784264
360,srednekolymsk,67.45,153.6833,3.56,86,53,1.9,RU,1634784265
361,aviles,43.5547,-5.9248,62.73,68,20,10.0,ES,1634784265
362,tilichiki,60.4667,166.1,14.09,74,100,9.17,RU,1634784265
363,isangel,-19.55,169.2667,75.31,100,90,8.05,VU,1634784266
364,ipixuna,-1.7625,-48.8043,78.75,94,26,3.94,BR,1634784266
365,shakawe,-18.3667,21.85,69.84,60,100,2.62,BW,1634784266
366,teguise,29.0605,-13.564,66.42,83,0,9.22,ES,1634784266
367,sayansk,54.1088,102.1648,40.5,58,0,11.05,RU,1634784267
368,prince rupert,54.3161,-130.3201,49.69,90,75,9.22,CA,1634784267
369,namibe,-15.1961,12.1522,64.78,88,58,6.13,AO,1634784268
370,mamallapuram,12.6264,80.1722,84.25,71,78,5.08,IN,1634784268
371,jumla,29.2747,82.1838,60.78,72,1,1.92,NP,1634784268
372,kajaani,64.2273,27.7285,35.65,100,90,6.91,FI,1634784269
373,san pedro,14.35,121.0167,89.35,70,75,3.44,PH,1634784269
374,kuna,43.4918,-116.4201,61.36,47,1,1.01,US,1634784269
375,labuhan,-6.8844,112.2051,87.75,61,100,1.79,ID,1634784269
376,charleston,32.7766,-79.9309,63.01,87,1,0.0,US,1634784189
377,nuuk,64.1835,-51.7216,29.01,93,20,10.36,GL,1634784270
378,nesbyen,60.5681,9.1027,43.88,80,65,1.99,NO,1634784270
379,huarmey,-10.0681,-78.1522,63.97,87,96,9.93,PE,1634784271
380,mangrol,21.1167,70.1167,78.22,63,41,5.66,IN,1634784271
381,hithadhoo,-0.6,73.0833,82.02,73,100,9.33,MV,1634784271
382,buraydah,26.326,43.975,70.25,34,0,9.01,SA,1634784272
383,kamaishi,39.2667,141.8833,50.95,48,25,14.94,JP,1634784272
384,bambanglipuro,-7.95,110.2833,86.31,65,67,10.69,ID,1634784272
385,baruun-urt,46.6806,113.2792,39.81,44,0,8.61,MN,1634784273
386,margate,51.3813,1.3862,50.7,83,100,10.0,GB,1634784273
387,sioux lookout,50.1001,-91.917,32.38,74,20,4.61,CA,1634784181
388,viedma,-40.8135,-62.9967,59.52,71,0,14.67,AR,1634784273
389,nantucket,41.2835,-70.0995,64.96,89,1,5.75,US,1634784120
390,zhangye,38.9342,100.4517,52.75,25,1,2.26,CN,1634784274
391,uchana,29.4667,76.1667,76.41,28,0,5.46,IN,1634784274
392,bethel,41.3712,-73.414,66.65,75,90,0.0,US,1634784001
393,kapuskasing,49.4169,-82.4331,33.8,69,90,5.75,CA,1634784062
394,dzilam gonzalez,21.2833,-88.9333,73.54,96,90,5.17,MX,1634784275
395,bollnas,61.3482,16.3946,46.38,89,50,11.14,SE,1634784275
396,marks,51.7111,46.7486,36.45,72,100,13.2,RU,1634784275
397,meulaboh,4.1363,96.1285,76.8,84,100,3.94,ID,1634784276
398,faanui,-16.4833,-151.75,79.54,76,6,7.76,PF,1634784276
399,san vicente,-26.6167,-54.1333,55.99,80,32,2.59,AR,1634784276
400,mamanguape,-6.8386,-35.1261,79.12,88,75,1.36,BR,1634784277
401,barra dos coqueiros,-10.9089,-37.0386,78.82,89,75,9.22,BR,1634784277
402,cobija,-11.0267,-68.7692,78.69,63,90,2.08,BO,1634784277
403,tomatlan,19.9333,-105.25,77.04,94,6,1.36,MX,1634784278
404,doha,25.2867,51.5333,84.18,65,0,10.36,QA,1634784278
405,owando,-0.4819,15.8999,68.23,99,100,2.73,CG,1634784278
406,vangaindrano,-23.35,47.6,70.57,91,98,5.37,MG,1634784278
407,port hardy,50.6996,-127.4199,51.98,82,75,4.61,CA,1634784279
408,haines junction,60.7522,-137.5108,31.95,100,64,0.0,CA,1634784279
409,verkhozim,52.7122,45.418,33.85,93,100,16.35,RU,1634784279
410,zawiercie,50.4877,19.4168,54.45,89,94,10.0,PL,1634784280
411,mulanje,-16.0316,35.5,63.45,92,88,5.75,MW,1634784280
412,bialystok,53.1333,23.15,54.19,69,100,4.0,PL,1634784117
413,pimentel,-6.8367,-79.9342,63.81,88,78,10.89,PE,1634784280
414,ahipara,-35.1667,173.1667,61.83,96,100,6.76,NZ,1634784281
415,luganville,-15.5333,167.1667,83.53,76,99,11.81,VU,1634784281
416,miles city,46.4083,-105.8406,41.5,70,1,8.05,US,1634784281
417,dingle,10.9995,122.6711,86.11,72,78,6.08,PH,1634784282
418,upata,8.0086,-62.3989,76.19,94,38,3.6,VE,1634784282
419,nelson bay,-32.7167,152.15,72.68,72,28,3.0,AU,1634784282
420,tabas,33.5959,56.9244,63.84,41,49,9.95,IR,1634784283
421,xinmin,41.9908,122.8253,53.85,37,20,1.74,CN,1634784283
422,carhuamayo,-10.9167,-76.0333,36.45,95,47,1.72,PE,1634784283
423,luwuk,-0.9516,122.7875,87.67,61,30,4.12,ID,1634784284
424,biryukove,47.9563,39.7384,34.11,85,100,11.48,UA,1634784284
425,dhidhdhoo,6.8833,73.1,81.75,77,100,9.78,MV,1634784284
426,hervey bay,-25.2986,152.8535,83.03,69,53,12.93,AU,1634784285
427,chokurdakh,70.6333,147.9167,-12.39,94,82,2.82,RU,1634784142
428,senador pompeu,-5.5881,-39.3717,79.38,64,80,7.56,BR,1634784285
429,zhigansk,66.7697,123.3711,25.39,91,100,17.25,RU,1634784285
430,vilcun,-38.65,-72.2333,50.74,93,100,1.28,CL,1634784286
431,okhotsk,59.3833,143.3,18.3,54,96,8.08,RU,1634784286
432,mosquera,4.7059,-74.2302,53.69,94,75,9.22,CO,1634784143
433,walvis bay,-22.9575,14.5053,59.95,77,92,4.61,NA,1634784286
434,hay river,60.8156,-115.7999,40.98,65,20,5.75,CA,1634784287
435,pecos,31.4229,-103.4932,80.31,28,1,6.91,US,1634784287
436,hualmay,-11.0964,-77.6139,63.14,87,92,10.09,PE,1634784287
437,balotra,25.8333,72.2333,78.89,47,0,7.7,IN,1634784288
438,mahebourg,-20.4081,57.7,73.26,94,40,8.05,MU,1634784288
439,atamanovka,51.93,113.63,37.83,63,22,3.85,RU,1634784288
440,khagaria,25.5,86.4833,78.03,76,21,10.29,IN,1634784289
441,general roca,-39.0333,-67.5833,72.63,33,47,20.6,AR,1634784289
442,lamu,-2.2717,40.902,77.22,80,62,12.59,KE,1634784289
443,sorland,67.667,12.6934,32.07,97,100,17.56,NO,1634784290
444,adrar,20.5022,-10.0711,72.73,26,4,10.29,MR,1634784290
445,lazaro cardenas,17.9583,-102.2,80.08,83,78,2.21,MX,1634784290
446,alice springs,-23.7,133.8833,87.35,19,0,11.5,AU,1634784291
447,linxia,35.6003,103.2064,46.08,61,61,1.68,CN,1634784291
448,bac lieu,9.285,105.7244,80.92,79,100,3.47,VN,1634784291
449,belfast,54.5833,-5.9333,47.37,71,20,6.91,GB,1634784027
450,iqaluit,63.7506,-68.5145,29.93,86,90,3.0,CA,1634784292
451,siedlce,52.1677,22.2901,54.57,61,98,16.93,PL,1634784083
452,cumana,10.4635,-64.1775,82.49,77,3,9.62,VE,1634784292
453,superior,46.7208,-92.1041,46.29,87,90,11.5,US,1634784292
454,taksimo,56.3444,114.8794,36.66,60,82,3.91,RU,1634784293
455,olafsvik,64.8945,-23.7142,43.52,80,87,23.44,IS,1634784293
456,pelym,61.0108,61.9978,28.47,80,13,3.67,RU,1634784293
457,kaeo,-35.1,173.7833,61.32,97,100,8.93,NZ,1634784294
458,peniche,39.3558,-9.3811,66.61,94,46,10.65,PT,1634784294
459,ndele,8.4109,20.6473,69.98,97,100,3.83,CF,1634784294
460,sinjar,36.3209,41.8754,63.72,30,1,3.38,IQ,1634784295
461,los llanos de aridane,28.6585,-17.9182,67.75,78,0,11.5,ES,1634784295
462,hailar,49.2,119.7,35.01,65,8,5.93,CN,1634784295
463,sovetskiy,61.3614,63.5842,28.54,85,20,4.61,RU,1634784295
464,luena,-11.7833,19.9167,60.8,98,81,2.24,AO,1634784296
465,trelew,-43.249,-65.3051,69.73,33,94,0.45,AR,1634784296
466,koupela,12.1794,-0.3517,80.02,64,78,6.93,BF,1634784296
467,moose factory,51.2585,-80.6094,35.6,75,90,3.44,CA,1634784297
468,fougamou,-1.2154,10.5838,73.38,99,100,0.47,GA,1634784297
469,mizdah,31.4451,12.9801,60.85,96,77,9.08,LY,1634784297
470,zaltan,32.947,11.8665,69.49,72,0,11.54,LY,1634784298
471,klaksvik,62.2266,-6.589,41.92,67,97,30.29,FO,1634784298
472,heihe,50.2441,127.4902,41.58,39,100,7.52,CN,1634784298
473,marienburg,54.0359,19.0266,61.05,72,100,14.81,PL,1634784299
474,tommot,58.9564,126.2925,33.93,86,100,8.86,RU,1634784299
475,isabela,6.7085,121.9711,84.25,68,85,6.24,PH,1634784299
476,jiuquan,39.7432,98.5174,48.61,21,8,2.37,CN,1634784299
477,vostok,46.4856,135.8833,33.3,44,0,5.48,RU,1634784300
478,sinop,41.7711,34.8709,43.36,79,0,9.64,TR,1634784300
479,onalaska,43.8844,-91.2351,63.07,93,90,3.44,US,1634784300
480,road town,18.4167,-64.6167,82.2,77,72,12.62,VG,1634784020
481,marsa matruh,31.3525,27.2453,67.93,65,1,9.57,EG,1634784301
482,buala,-8.145,159.5921,85.03,70,47,4.56,SB,1634784302
483,payakumbuh,-0.2202,100.6308,81.07,74,56,1.83,ID,1634784303
484,duzce,40.8389,31.1639,50.74,71,0,5.1,TR,1634784020
485,elat,29.5581,34.9482,68.18,77,8,9.53,IL,1634784304
486,pudozh,61.8099,36.5345,35.15,98,100,5.64,RU,1634784304
487,manzhouli,49.6,117.4333,37.8,56,0,8.28,CN,1634784305
488,constitucion,-35.3333,-72.4167,50.22,90,76,4.76,CL,1634784020
489,bathsheba,13.2167,-59.5167,83.01,74,40,28.77,BB,1634784306
490,sembe,1.6481,14.5806,69.73,100,100,1.92,CG,1634784306
491,mount gambier,-37.8333,140.7667,67.91,64,40,14.97,AU,1634784307
492,san bartolome,27.9248,-15.5733,61.66,90,20,19.57,ES,1634784308
493,calvinia,-31.4707,19.776,62.13,70,7,7.9,ZA,1634784308
494,leh,34.1667,77.5833,42.3,38,0,3.29,IN,1634784309
495,worcester,42.3334,-71.8328,61.52,76,94,1.01,US,1634784309
496,muli,2.9167,73.5667,82.26,71,58,10.92,MV,1634784310
497,killarney,52.05,-9.5167,45.01,88,100,9.84,IE,1634784310
498,nyurba,63.2842,118.3319,34.79,98,100,9.44,RU,1634784310
499,mikuni,36.2171,136.1519,58.91,64,94,8.43,JP,1634784311
500,trairi,-3.2778,-39.2689,78.94,81,100,7.29,BR,1634784235
501,ithaca,42.4406,-76.4966,59.41,92,75,3.44,US,1634784129
502,magdagachi,53.45,125.8,41.88,45,3,10.33,RU,1634784311
503,gwanda,-20.9333,29.0,56.62,76,2,5.37,ZW,1634784312
504,jasper,37.2001,-94.3502,60.85,92,1,5.75,US,1634784312
505,cayenne,4.9333,-52.3333,83.08,81,20,3.0,GF,1634784306
506,tomohon,1.3346,124.8392,79.74,74,79,2.59,ID,1634784312
507,nemuro,43.3236,145.575,48.63,64,100,14.79,JP,1634784313
508,chapais,49.7834,-74.8492,38.98,96,100,7.54,CA,1634784313
509,leshukonskoye,64.8989,45.7622,29.84,75,100,14.18,RU,1634784314
510,matamoros,25.5333,-103.25,78.03,37,0,7.83,MX,1634784314
511,djibo,14.1022,-1.6306,85.26,48,90,7.11,BF,1634784314
512,quatre cocos,-20.2078,57.7625,73.09,76,8,9.71,MU,1634784315
513,aksu,41.1231,80.2644,56.46,24,46,2.42,CN,1634784315
514,liberal,37.0431,-100.921,56.43,54,1,3.44,US,1634784315
515,port keats,-14.25,129.55,91.92,54,54,14.54,AU,1634784205
516,kilindoni,-7.9139,39.6668,77.14,75,34,9.86,TZ,1634784316
517,rampura,30.25,75.2333,77.5,17,0,4.88,IN,1634784317
518,ayan,56.45,138.1667,40.24,53,97,6.73,RU,1634784317
519,magadan,59.5667,150.8,18.88,34,12,2.75,RU,1634784317
520,byron bay,-28.65,153.6167,71.87,81,39,4.63,AU,1634784318
521,rio grande,-32.035,-52.0986,55.94,69,10,10.56,BR,1634784146
522,jaruco,23.0431,-82.0108,76.33,83,100,11.97,CU,1634784318
523,agadez,19.75,10.25,77.13,17,41,9.82,NE,1634784319
524,riyadh,24.6877,46.7219,68.14,35,0,5.48,SA,1634784134
525,luang prabang,19.8856,102.1347,78.76,89,75,0.0,LA,1634784319
526,auki,-8.7676,160.7034,85.08,72,53,4.85,SB,1634784319
527,ternate,0.8,127.4,84.65,69,51,4.74,ID,1634784320
528,vanavara,60.34,102.2797,39.43,72,96,7.63,RU,1634784320
529,payo,-3.7508,103.6372,86.4,67,52,1.99,ID,1634784320
530,agirish,61.9247,63.0231,28.15,86,10,4.34,RU,1634784321
531,zhangjiakou,40.81,114.8794,47.07,24,0,9.01,CN,1634784321
532,aguimes,27.9054,-15.4461,69.01,79,20,19.57,ES,1634784321
533,vila do maio,15.1333,-23.2167,83.19,75,12,16.82,CV,1634784322
534,nicoya,10.1483,-85.452,72.95,93,99,1.57,CR,1634784322
535,port said,31.2565,32.2841,73.15,56,15,8.43,EG,1634784322
536,zaysan,47.4667,84.8667,54.68,26,67,2.33,KZ,1634784323
537,tumut,-35.3,148.2167,68.99,54,100,6.71,AU,1634784323
538,ketchikan,55.3422,-131.6461,50.47,87,90,12.66,US,1634784323
539,sharjah,25.3573,55.4033,83.25,83,2,4.61,AE,1634784041
540,shubarkuduk,49.1447,56.4872,31.84,82,42,13.42,KZ,1634784324
541,iguape,-24.7081,-47.5553,64.89,79,100,10.47,BR,1634784072
542,evensk,61.95,159.2333,13.35,67,49,7.52,RU,1634784324
543,rundu,-17.9333,19.7667,69.58,72,100,0.78,NA,1634784325
544,tocopilla,-22.092,-70.1979,63.05,65,50,6.98,CL,1634784325
545,sambava,-14.2667,50.1667,69.19,84,35,5.97,MG,1634784325
546,muros,42.7762,-9.0603,60.24,95,86,5.23,ES,1634784326
547,myitkyina,25.3833,97.4,75.36,98,100,0.6,MM,1634784326
548,nizwa,22.9333,57.5333,75.0,58,52,0.83,OM,1634784326
549,yenotayevka,47.2456,47.0281,37.67,71,96,8.66,RU,1634784327
550,fairbanks,64.8378,-147.7164,37.4,67,40,0.0,US,1634784144
551,godhra,22.75,73.6333,72.3,52,0,1.25,IN,1634784327
552,lima,-12.0432,-77.0282,62.91,81,40,14.97,PE,1634784179
553,bom despacho,-19.7364,-45.2522,60.35,88,42,9.44,BR,1634784328
554,baykit,61.67,96.37,38.21,82,100,3.91,RU,1634784328
555,talaya,61.3833,152.75,-3.33,80,17,1.61,RU,1634784329
556,bonthe,7.5264,-12.505,78.26,87,100,7.63,SL,1634784329
557,kuito,-12.3833,16.9333,59.13,98,99,3.8,AO,1634784329
558,mogadishu,2.0371,45.3438,78.57,81,100,13.6,SO,1634784330
559,oranjestad,12.524,-70.027,84.15,74,20,11.5,AW,1634784330
560,stornoway,58.2093,-6.3865,42.76,75,75,14.97,GB,1634784331
561,cape canaveral,28.4058,-80.6048,78.98,68,40,8.05,US,1634784331
562,la ronge,55.1001,-105.2842,41.25,52,1,11.5,CA,1634784332
563,rio claro,-22.4114,-47.5614,62.78,88,12,7.27,BR,1634784063
564,entre rios,-11.9419,-38.0844,70.88,97,10,3.42,BR,1634784332
565,sundargarh,22.1167,84.0333,77.99,64,27,1.39,IN,1634784332
566,leningradskiy,69.3833,178.4167,25.83,96,100,16.11,RU,1634784333
567,berlevag,70.8578,29.0864,34.43,74,100,27.31,NO,1634784333
568,magistralnyy,56.1725,107.4458,37.8,79,29,5.41,RU,1634784333
569,marsh harbour,26.5412,-77.0636,80.01,57,97,15.79,BS,1634784334
570,kon tum,14.35,108.0,82.4,68,55,1.77,VN,1634784334
571,tuy hoa,13.0833,109.3,83.26,75,100,1.9,VN,1634784334
572,bertoua,4.5833,13.6833,66.97,99,100,1.54,CM,1634784335
